name,time
portal-sep-small_3,0.10229969024658203
portal-sep-random_10_9_10,0.03983283042907715
portal-sep-random_20_9_100,0.6809401512145996
portal-sep-random_20_1_100,0.6892280578613281
portal-sep-random_10_0_100,0.5968108177185059
stripboard-sep-stripboard_w10_h10_l12_c4_n24,0.09454154968261719
stripboard-sep-stripboard_w20_h15_l7_c6_n24,0.09869599342346191
stripboard-sep-stripboard_w20_h15_l4_c4_n24,0.025518417358398438
stripboard-sep-stripboard_w15_h10_l12_c6_n12,0.16071462631225586
stripboard-sep-stripboard_w20_h15_l12_c6_n12,0.10137510299682617
product-and-shelves-sep-ps-50-09,10.393499374389648
product-and-shelves-sep-ps-25-03,1.2663609981536865
product-and-shelves-sep-toy,0.4920969009399414
product-and-shelves-sep-ps-25-01,1.1856422424316406
product-and-shelves-sep-ps-50-06,10.735402345657349
FBD1-sep-FBDk06,0.010644674301147461
FBD1-sep-FBDk04,0.007541656494140625
FBD1-sep-FBDk08,0.014020442962646484
FBD1-sep-FBDk09,0.015190362930297852
FBD1-sep-FBDk07,0.011308908462524414
efm_cstr-sep-MODEL2204190004,0.5084173679351807
efm_cstr-sep-MODEL2204150001,0.6278884410858154
efm_cstr-sep-MODEL1507180015,0.6705310344696045
efm_cstr-sep-toy_network_1000_m,1.100466251373291
efm_cstr-sep-MODEL1507180022,0.3190128803253174
hoist-benchmark-sep-PU_3_2_1,0.1736133098602295
hoist-benchmark-sep-PU_3_4_3,0.1771409511566162
hoist-benchmark-sep-PU_2_4_3,0.08200979232788086
hoist-benchmark-sep-PU_2_2_3,0.08926081657409668
hoist-benchmark-sep-PU_2_8_4,0.08141088485717773
model4_opt-sep-test03,0.3266170024871826
model4_opt-sep-i02,0.23934650421142578
model4_opt-sep-test05,0.5815186500549316
model4_opt-sep-i07,1.2460048198699951
model4_opt-sep-i09,1.5490894317626953
foxgeesecorn-sep-foxgeesecorn_17,0.07496023178100586
foxgeesecorn-sep-foxgeesecorn_19,0.08704018592834473
foxgeesecorn-sep-fgc_20_20_22_00,0.03194761276245117
foxgeesecorn-sep-foxgeesecorn_61,0.049895286560058594
foxgeesecorn-sep-fgc_06_26_08_00,0.05228614807128906
model-sep-i06,1.413989782333374
model-sep-i03,0.4435398578643799
model-sep-i01,0.34722161293029785
model-sep-i11,2.3793323040008545
model-sep-i14,3.808713912963867
skill_allocation_only-sep-skill_allocation_mzn_5d_1,0.5519816875457764
skill_allocation_only-sep-skill_allocation_mzn_1m_2,3.347060441970825
skill_allocation_only-sep-skill_allocation_mzn_3m_3,14.883695363998413
skill_allocation_only-sep-skill_allocation_mzn_2m_2,9.19949722290039
skill_allocation_only-sep-skill_allocation_mzn_2w_2,1.390749216079712
tower-sep-tower_070_070_15_070-02,0.10996580123901367
tower-sep-tower_070_070_30_100-02,0.34839582443237305
tower-sep-tower_050_050_10_050-03,0.06602835655212402
tower-sep-tower_070_070_15_070-08,0.11083698272705078
tower-sep-tower_500_500_50_300-05,1.6381897926330566
mondoku-gcc-model-balance-sep-14-14-8,0.07457256317138672
mondoku-gcc-model-balance-sep-20-18-9,0.14116644859313965
mondoku-gcc-model-balance-sep-10-10-6,0.036285400390625
mondoku-gcc-model-balance-sep-8-8-4,0.028571367263793945
mondoku-gcc-model-balance-sep-12-12-8,0.05127763748168945
monitor_1id-sep-igp_weight_based_rocketfuel_rf1755_real_hard,0.18812036514282227
monitor_1id-sep-igp_weight_based_rocketfuel_rf6461_real_hard,0.6308178901672363
monitor_1id-sep-igp_weight_based_defo_rf6461_real_hard,0.5992989540100098
monitor_1id-sep-hop_counting_based_zoo_Forthnet,0.007990837097167969
monitor_1id-sep-hop_counting_based_caida_139203,0.07682609558105469
black-hole-sep-layout_3,0.00988006591796875
black-hole-sep-layout_25,0.008667707443237305
black-hole-sep-layout_17,0.010754108428955078
black-hole-sep-layout_27,0.012177228927612305
black-hole-sep-layout_14,0.010776758193969727
TinyCVRP_ExactlyOneSolution-sep-medium_instance_13,0.13672995567321777
TinyCVRP_ExactlyOneSolution-sep-easy_instance_04,0.06529998779296875
TinyCVRP_ExactlyOneSolution-sep-medium_instance_06,0.1788339614868164
TinyCVRP_ExactlyOneSolution-sep-medium_instance_11,0.2010483741760254
TinyCVRP_ExactlyOneSolution-sep-hard_instance_18,0.6955668926239014
JSP0-sep-14-10-0-2_3,0.1458570957183838
JSP0-sep-13-14-0-2_6,0.19374585151672363
JSP0-sep-12-12-0-1_7,0.10393071174621582
JSP0-sep-14-10-0-2_1,0.14556169509887695
JSP0-sep-15-15-0-1_3,0.2188115119934082
model-sep-avdoaYnfXq,0.017299652099609375
model-sep-9aGFgDaHX7,0.014333486557006836
model-sep-vWQp9idqMs,0.02767324447631836
model-sep-BnMUR3YMRk,0.017111778259277344
model-sep-1vERFuvviS,0.014865636825561523
cgt-sep-cgt_5_h27_r0.05_s0.8_0,0.078338623046875
cgt-sep-cgt_3_h39_r0.05_s1_3,0.1102910041809082
cgt-sep-cgt_12_h27_r0.05_s0.5_3,0.1222848892211914
cgt-sep-cgt_8_h16_r0.05_s0.5_3,0.03257131576538086
cgt-sep-cgt_3_h39_r0.05_s0.5_0,0.11649060249328613
compression-sep-bin_8,0.0247955322265625
compression-sep-bin_20,0.0757756233215332
compression-sep-bin_7,0.02290654182434082
compression-sep-lipsum_10,0.34053874015808105
compression-sep-bin_10,0.02872920036315918
wcsp-sep-1HZ5.12p.19aa.usingEref_self,15.833175897598267
wcsp-sep-1UBI.13p.9aa.usingEref_self_x,1.0349209308624268
wcsp-sep-1UBI.13p.19aa.usingEref_self,19.25503659248352
wcsp-sep-1HZ5.12p.9aa.usingEref_self,0.9583072662353516
wcsp-sep-2TRX.11p.8aa.usingEref_self_x,0.7223131656646729
tsptw-sep-n20w180.004,0.009574413299560547
tsptw-sep-n20w140.005,0.010454893112182617
tsptw-sep-n100w120.003,0.04316282272338867
tsptw-sep-n80w180.003,0.03274941444396973
tsptw-sep-n20w160.001,0.009065628051757812
group-sep-u15g5pref1,12.625496864318848
group-sep-u12g2pref0,6.9149253368377686
group-sep-u12g2pref2,6.935423135757446
group-sep-u15g1pref2,10.294864416122437
group-sep-u15g3pref0,10.301836967468262
atsp-sep-instance1_0p05,0.012651920318603516
atsp-sep-instance4_0p15,0.09289121627807617
atsp-sep-instance20_0p35,0.35743141174316406
atsp-sep-instance11_0p25,0.13282990455627441
atsp-sep-instance14_0p25,0.35692548751831055
aircraft-sep-B737NG-600-01-Anon,0.18996047973632812
aircraft-sep-B737NG-600-06-Anon,9.585491418838501
aircraft-sep-B737NG-600-04-Anon,2.1783413887023926
aircraft-sep-B737NG-600-02-Anon,0.583524227142334
aircraft-sep-B737NG-600-09-Anon,21.519078493118286
peaceable_queens_mznc2021-sep-pq_n19,0.05010414123535156
peaceable_queens_mznc2021-sep-pq_n35,0.20059561729431152
peaceable_queens_mznc2021-sep-pq_n12,0.023848772048950195
peaceable_queens_mznc2021-sep-pq_n7,0.011393070220947266
peaceable_queens_mznc2021-sep-pq_n9,0.01385807991027832
trains-sep-trains05,0.056520938873291016
trains-sep-trains15,0.020554542541503906
trains-sep-trains12,0.03177690505981445
trains-sep-trains09,0.053316354751586914
trains-sep-trains18,0.03785347938537598
neighbours-rect-sep-neightbours-new-7,0.17424941062927246
neighbours-rect-sep-neightbours-new-2,0.006862163543701172
neighbours-rect-sep-neightbours-new-5,0.3628818988800049
neighbours-rect-sep-neightbours-new-15,0.02700185775756836
neighbours-rect-sep-neightbours-new-6,0.013002872467041016
concert-hall-cap-sep-concert_60_50,0.2229299545288086
concert-hall-cap-sep-concert_200_20,0.4805595874786377
concert-hall-cap-sep-concert-cap.mznc2018.04,0.024824142456054688
concert-hall-cap-sep-concert_100_20,0.2283191680908203
concert-hall-cap-sep-concert_150_20,0.33643364906311035
triangular-sep-n14,0.09276199340820312
triangular-sep-n20,0.5082395076751709
triangular-sep-n31,5.739670276641846
triangular-sep-n11,0.03480958938598633
triangular-sep-n9,0.01588606834411621
graph_clear_cp-sep-planar_n30_seed2022_4,0.9635071754455566
graph_clear_cp-sep-planar_n20_seed2022_15,0.37909841537475586
graph_clear_cp-sep-planar_n20_seed2022_14,0.417865514755249
graph_clear_cp-sep-planar_n30_seed2022_8,0.9922575950622559
graph_clear_cp-sep-planar_n20_seed2022_16,0.38953113555908203
cc_base-sep-cc_rnd_8_2,0.008417367935180664
cc_base-sep-cc_rnd_12_3,0.008402109146118164
cc_base-sep-cc_rnd_4_4,0.00728607177734375
cc_base-sep-cc_rnd_8_1,0.009572744369506836
cc_base-sep-cc_rnd_16_1,0.014255285263061523
word_equations_01_track_140-int,0.1058497428894043
word_equations_02_track_8-int,0.08859109878540039
word_equations_03_track_31-int,0.4926164150238037
word_equations_03_track_133-int,0.16005825996398926
hitori-sep-h5-1,0.021434545516967773
hitori-sep-h20-2,0.43643784523010254
hitori-sep-h11-1,0.09993147850036621
hitori-sep-h15-1,0.1941533088684082
hitori-sep-h14-1,0.18146371841430664
work-task-variation-sep-generated-seed-4-length-14-open-12-workers-12-block-15,0.39474987983703613
work-task-variation-sep-generated-seed-3-length-10-open-8-workers-12-block-15,0.2586708068847656
work-task-variation-sep-generated-seed-1-length-16-open-14-workers-12-block-15,0.3466837406158447
work-task-variation-sep-generated-seed-8-length-12-open-10-workers-10-block-15,0.24785780906677246
work-task-variation-sep-generated-seed-10-length-12-open-10-workers-12-block-5,1.2334096431732178
accap-sep-accap_a20_f160_t90,0.07601690292358398
accap-sep-accap_a10_f80_t50,0.04373669624328613
accap-sep-accap_a8_f50_t30,0.023107051849365234
accap-sep-accap_a30_f300_t120,0.19722342491149902
accap-sep-accap_a3_f20_t10,0.01035928726196289
gt-sort-sep-n9_ub10_75.0_BEST,0.7860429286956787
gt-sort-sep-n7_ub20_75.0_BEST,0.3966383934020996
gt-sort-sep-n9_ub30_35.0_BEST,1.7136459350585938
gt-sort-sep-n13_ub20_50.0_BEST,4.157472133636475
gt-sort-sep-n9_ub10_50.0_BEST,0.43900036811828613
community-detection-sep-Polblogs.s2480.k2,6.954375982284546
community-detection-sep-adjourn.s200.k3,0.048280954360961914
community-detection-sep-Zakhary.s12.k4,0.03588056564331055
community-detection-sep-mexican.s26.k4,0.028518199920654297
community-detection-sep-Zakhary.s12.k3,0.03867006301879883
ctw-sep-A041,0.4223651885986328
ctw-sep-A046,1.2941784858703613
ctw-sep-R193,2.223393201828003
ctw-sep-A033,1.316326379776001
ctw-sep-A022,1.3439524173736572
harmony-sep-brother,0.15479421615600586
harmony-sep-canon,0.2538762092590332
harmony-sep-ode,0.16003799438476562
harmony-sep-twinkle,0.11043000221252441
harmony-sep-minuet,0.14683985710144043
yumi-dynamic-sep-p_9_GSGS_GSGSG_yumi_grid_setup_7_7_zones,38.87743663787842
yumi-dynamic-sep-p_5_GSS_SG_yumi_grid_setup_3_4_zones,0.6498215198516846
yumi-dynamic-sep-p_5_GG_GGG_yumi_grid_setup_5_5_zones,4.095754384994507
yumi-dynamic-sep-p_4_GG_GG_yumi_grid_setup_5_5_zones,3.9484992027282715
yumi-dynamic-sep-p_7_SSSS_SSS_yumi_grid_setup_3_3_zones,0.28654980659484863
pennies-sep-n7,0.02328181266784668
pennies-sep-n8,0.03323721885681152
pennies-sep-n12,0.06394648551940918
pennies-sep-n5,0.016689062118530273
pennies-sep-n9,0.03855323791503906
Unit-Commitment-sep-L7-T12G5L5,0.02335977554321289
Unit-Commitment-sep-L12-T48G15L10,0.40189504623413086
Unit-Commitment-sep-L10-T48G10L10,0.2401442527770996
Unit-Commitment-sep-L3-T6G5L5,0.014180898666381836
Unit-Commitment-sep-L15-T48G30L15,0.9780206680297852
gametes-sep-gamete_nl20_m30_12983649,1.1581134796142578
gametes-sep-gamete_nl20_m30_778477,1.139845609664917
gametes-sep-gamete_nl7_m10_181,0.10569381713867188
gametes-sep-gamete_nl7_m10_134,0.10255193710327148
gametes-sep-gamete_nl20_m40_10408565,1.145216464996338
evmopt-generic-sep-BDARUMA_run_code_of_0_block_284_170_0_input,0.07059693336486816
evmopt-generic-sep-Kongu_run_code_of_0_block_240_0_input,0.9743673801422119
evmopt-generic-sep-BDARUMA_run_code_of_0_block_108_233_1_extended_input,0.6560049057006836
evmopt-generic-sep-PlaylinkAirdrop_run_code_of_0_block_216_0_input,0.45116186141967773
evmopt-generic-sep-isolated_block_6_0_input,0.10984206199645996
yumi-static-sep-p_7_GGG_GGGG_yumi_grid_setup_3_4,0.0901033878326416
yumi-static-sep-p_4_GG_GG_yumi_grid_setup_7_7,0.1698753833770752
yumi-static-sep-p_9_GGGG_GGGGG_yumi_grid_setup_3_4,0.11600708961486816
yumi-static-sep-p_4_SG_SG_yumi_grid_setup_3_3,0.047197818756103516
yumi-static-sep-p_5_GG_GGG_yumi_grid_setup_7_7,0.1716299057006836
ttp-sep-n20_k20_c1000_l1000_u2000_r46,2.0115067958831787
ttp-sep-n10_k15_c5000_l10000_u11000_r49,0.21441125869750977
ttp-sep-n20_k15_c5000_l100_u200_r32,1.1613178253173828
ttp-sep-n20_k3_c10000_l100_u200_r81,0.06847691535949707
ttp-sep-n10_k3_c5000_l10000_u10100_r46,0.029038429260253906
handball-sep-handball4,0.09710121154785156
handball-sep-handball10,0.09551095962524414
handball-sep-handball2,0.104400634765625
handball-sep-handball8,0.0972135066986084
handball-sep-handball9,0.10440444946289062
test-scheduling-sep-t20m10r10-17,0.02216339111328125
test-scheduling-sep-t500m50r10-8,2.2596633434295654
test-scheduling-sep-t30m20r3-20,0.037867069244384766
test-scheduling-sep-t100m20r3-14,0.13907861709594727
test-scheduling-sep-t50m20r10-17,0.06881451606750488
TableLayout-sep-p1000_m20_r200_c20,2.0993943214416504
TableLayout-sep-p2000_m10_r500_c20,3.820345640182495
TableLayout-sep-p2000_m16_r1000_c200,144.95626735687256
TableLayout-sep-p1000_m10_r200_c15,0.9398388862609863
TableLayout-sep-p1000_m3_r100_c10,0.17929697036743164
bool-model-sep-s50_e50_c3,0.31603407859802246
bool-model-sep-s100_e20_c8,0.33157992362976074
bool-model-sep-large,63.184672832489014
bool-model-sep-s200_e50_c8,0.4130706787109375
bool-model-sep-small,2.1214120388031006
vrplc_service-sep-vrplc13_11_20_s4,0.03088092803955078
vrplc_service-sep-vrplc10_5_20_s3,0.027277231216430664
vrplc_service-sep-vrplc9_5_10_s2,0.018732786178588867
vrplc_service-sep-vrplc9_5_15_s2,0.02361893653869629
vrplc_service-sep-vrplc11_5_15_s4,0.020421266555786133
sudoku_fixed-sep-sudoku_p20,0.016877412796020508
sudoku_fixed-sep-sudoku_p48,0.00935220718383789
sudoku_fixed-sep-sudoku_p28,0.01612687110900879
sudoku_fixed-sep-sudoku_p26,0.01713275909423828
sudoku_fixed-sep-sudoku_p89,0.01580953598022461
ccmcp-sep-3_20_0.40_2,0.009258270263671875
ccmcp-sep-3_25_0.10_2,0.011092185974121094
ccmcp-sep-3_20_0.15_3,0.009643316268920898
ccmcp-sep-3_20_0.30_4,0.008173465728759766
ccmcp-sep-3_25_0.15_4,0.009380578994750977
mrcpsp-sep-j30_33_5,0.045995235443115234
mrcpsp-sep-j30_54_2,0.018854141235351562
mrcpsp-sep-j30_29_3,0.023728370666503906
mrcpsp-sep-j30_25_5,0.04085803031921387
mrcpsp-sep-j30_41_8,0.02516651153564453
roster_model-sep-chicroster_dataset_8,0.037444114685058594
roster_model-sep-chicroster_dataset_large_16,0.07692909240722656
roster_model-sep-chicroster_dataset_12,0.06821298599243164
roster_model-sep-chicroster_dataset_10,0.053030967712402344
roster_model-sep-chicroster_dataset_9,0.05120134353637695
SPECK-Optimisation-sep-very_hard_5,1.2742514610290527
SPECK-Optimisation-sep-medium_6,0.26244640350341797
SPECK-Optimisation-sep-easy_1,0.02367234230041504
SPECK-Optimisation-sep-hard_0,0.4869258403778076
SPECK-Optimisation-sep-easy_3,0.044744253158569336
unison-sep-mips_gcc.varasm.default_named_section_asm_out_destructor,2.8993680477142334
unison-sep-mips_rasta.mapping.comp_Jboundaries,2.182971954345703
unison-sep-mips_mesa.eval.gl_Map1f,22.174535989761353
unison-sep-mips_pegwit.ec_vlong.vlShortLshift,3.0986013412475586
unison-sep-mips_gcc.flow.find_regno_partial,2.4248578548431396
graph-scan-revised-sep-rnd_n75_p1000_c50_s1,0.6124482154846191
graph-scan-revised-sep-rnd_n20_p1000_c10_s1,0.041162729263305664
graph-scan-revised-sep-rnd_n10_p1500_c15_s1,0.01917552947998047
graph-scan-revised-sep-rnd_n40_p1000_c20_s1,0.11605978012084961
graph-scan-revised-sep-rnd_n10_p2000_c15_s1,0.019628524780273438
valve-network-sep-horizon28,0.8972442150115967
valve-network-sep-horizon19,0.560910701751709
valve-network-sep-horizon20,0.598743200302124
valve-network-sep-horizon6,0.12215352058410645
valve-network-sep-horizon12,0.31819868087768555
chessboard-sep-chessboard_n9_1,0.04015922546386719
chessboard-sep-chessboard4,0.03280782699584961
chessboard-sep-chessboard_n39_2,1.0075972080230713
chessboard-sep-chessboard3,0.025014400482177734
chessboard-sep-chessboard_n12_1,0.07197785377502441